{
  "hash": "c5b09965",
  "configHash": "fc88bafe",
  "lockfileHash": "9f754a30",
  "browserHash": "d04858e3",
  "optimized": {
    "@angular/common": {
      "src": "../../../../../../node_modules/@angular/common/fesm2022/common.mjs",
      "file": "@angular_common.js",
      "fileHash": "c50bdc67",
      "needsInterop": false
    },
    "@angular/core": {
      "src": "../../../../../../node_modules/@angular/core/fesm2022/core.mjs",
      "file": "@angular_core.js",
      "fileHash": "d25497bf",
      "needsInterop": false
    },
    "@angular/platform-browser": {
      "src": "../../../../../../node_modules/@angular/platform-browser/fesm2022/platform-browser.mjs",
      "file": "@angular_platform-browser.js",
      "fileHash": "08a8a2f5",
      "needsInterop": false
    },
    "zone.js": {
      "src": "../../../../../../node_modules/zone.js/fesm2015/zone.js",
      "file": "zone__js.js",
      "fileHash": "bf4eeac3",
      "needsInterop": true
    }
  },
  "chunks": {
    "chunk-6Q5JWFKU": {
      "file": "chunk-6Q5JWFKU.js"
    },
    "chunk-TKG5WVD7": {
      "file": "chunk-TKG5WVD7.js"
    },
    "chunk-WDMUDEB6": {
      "file": "chunk-WDMUDEB6.js"
    }
  }
}