{
  "hash": "f83a04ca",
  "configHash": "2f4dadc6",
  "lockfileHash": "e3eb76df",
  "browserHash": "03776043",
  "optimized": {
    "@angular/common": {
      "src": "../../../../../../node_modules/@angular/common/fesm2022/common.mjs",
      "file": "@angular_common.js",
      "fileHash": "926955ee",
      "needsInterop": false
    },
    "@angular/core": {
      "src": "../../../../../../node_modules/@angular/core/fesm2022/core.mjs",
      "file": "@angular_core.js",
      "fileHash": "4c2a4acc",
      "needsInterop": false
    },
    "@angular/platform-browser": {
      "src": "../../../../../../node_modules/@angular/platform-browser/fesm2022/platform-browser.mjs",
      "file": "@angular_platform-browser.js",
      "fileHash": "e7b05bc5",
      "needsInterop": false
    },
    "@angular/router": {
      "src": "../../../../../../node_modules/@angular/router/fesm2022/router.mjs",
      "file": "@angular_router.js",
      "fileHash": "7df8fa9b",
      "needsInterop": false
    },
    "zone.js": {
      "src": "../../../../../../node_modules/zone.js/fesm2015/zone.js",
      "file": "zone__js.js",
      "fileHash": "936bc604",
      "needsInterop": true
    }
  },
  "chunks": {
    "chunk-J2GZ5N5L": {
      "file": "chunk-J2GZ5N5L.js"
    },
    "chunk-LTN5NR6H": {
      "file": "chunk-LTN5NR6H.js"
    },
    "chunk-RQ5ZKA6V": {
      "file": "chunk-RQ5ZKA6V.js"
    },
    "chunk-WDMUDEB6": {
      "file": "chunk-WDMUDEB6.js"
    }
  }
}