{
  "hash": "61f8a9d1",
  "configHash": "3c97feab",
  "lockfileHash": "c4c3e261",
  "browserHash": "594d9901",
  "optimized": {
    "@angular/core": {
      "src": "../../../../../../node_modules/@angular/core/fesm2022/core.mjs",
      "file": "@angular_core.js",
      "fileHash": "b981a1af",
      "needsInterop": false
    },
    "@angular/platform-browser": {
      "src": "../../../../../../node_modules/@angular/platform-browser/fesm2022/platform-browser.mjs",
      "file": "@angular_platform-browser.js",
      "fileHash": "5c9120e7",
      "needsInterop": false
    },
    "@angular/router": {
      "src": "../../../../../../node_modules/@angular/router/fesm2022/router.mjs",
      "file": "@angular_router.js",
      "fileHash": "4c66330c",
      "needsInterop": false
    }
  },
  "chunks": {
    "chunk-C2FRCCBN": {
      "file": "chunk-C2FRCCBN.js"
    },
    "chunk-VSF4W2WL": {
      "file": "chunk-VSF4W2WL.js"
    }
  }
}