{
  "hash": "032c4581",
  "configHash": "349d08d0",
  "lockfileHash": "ce08e873",
  "browserHash": "34e40641",
  "optimized": {
    "@angular/core": {
      "src": "../../../../../../node_modules/@angular/core/fesm2022/core.mjs",
      "file": "@angular_core.js",
      "fileHash": "d0a8bce6",
      "needsInterop": false
    },
    "@angular/platform-browser": {
      "src": "../../../../../../node_modules/@angular/platform-browser/fesm2022/platform-browser.mjs",
      "file": "@angular_platform-browser.js",
      "fileHash": "9b8eb1fe",
      "needsInterop": false
    },
    "@angular/router": {
      "src": "../../../../../../node_modules/@angular/router/fesm2022/router.mjs",
      "file": "@angular_router.js",
      "fileHash": "1c821360",
      "needsInterop": false
    },
    "zone.js": {
      "src": "../../../../../../node_modules/zone.js/fesm2015/zone.js",
      "file": "zone__js.js",
      "fileHash": "1e017eb3",
      "needsInterop": true
    }
  },
  "chunks": {
    "chunk-N3SE2FHN": {
      "file": "chunk-N3SE2FHN.js"
    },
    "chunk-RQ5ZKA6V": {
      "file": "chunk-RQ5ZKA6V.js"
    },
    "chunk-WDMUDEB6": {
      "file": "chunk-WDMUDEB6.js"
    }
  }
}