{
  "hash": "7ad5ebca",
  "configHash": "857e8957",
  "lockfileHash": "8230849d",
  "browserHash": "8b7fff59",
  "optimized": {
    "@angular/core": {
      "src": "../../../../../../node_modules/@angular/core/fesm2022/core.mjs",
      "file": "@angular_core.js",
      "fileHash": "4c7b1159",
      "needsInterop": false
    },
    "@angular/platform-browser": {
      "src": "../../../../../../node_modules/@angular/platform-browser/fesm2022/platform-browser.mjs",
      "file": "@angular_platform-browser.js",
      "fileHash": "a2a2be56",
      "needsInterop": false
    },
    "@angular/router": {
      "src": "../../../../../../node_modules/@angular/router/fesm2022/router.mjs",
      "file": "@angular_router.js",
      "fileHash": "1bdf4081",
      "needsInterop": false
    }
  },
  "chunks": {
    "chunk-C2FRCCBN": {
      "file": "chunk-C2FRCCBN.js"
    },
    "chunk-VSF4W2WL": {
      "file": "chunk-VSF4W2WL.js"
    }
  }
}