{
  "hash": "44dab066",
  "configHash": "8ddce06c",
  "lockfileHash": "2c30de22",
  "browserHash": "43ba638d",
  "optimized": {
    "@angular/core": {
      "src": "../../../../../../node_modules/@angular/core/fesm2022/core.mjs",
      "file": "@angular_core.js",
      "fileHash": "cdbe293c",
      "needsInterop": false
    },
    "@angular/platform-browser": {
      "src": "../../../../../../node_modules/@angular/platform-browser/fesm2022/platform-browser.mjs",
      "file": "@angular_platform-browser.js",
      "fileHash": "6ba5319f",
      "needsInterop": false
    },
    "@angular/router": {
      "src": "../../../../../../node_modules/@angular/router/fesm2022/router.mjs",
      "file": "@angular_router.js",
      "fileHash": "d070de1a",
      "needsInterop": false
    },
    "zone.js": {
      "src": "../../../../../../node_modules/zone.js/fesm2015/zone.js",
      "file": "zone__js.js",
      "fileHash": "4383c892",
      "needsInterop": true
    }
  },
  "chunks": {
    "chunk-N3SE2FHN": {
      "file": "chunk-N3SE2FHN.js"
    },
    "chunk-RQ5ZKA6V": {
      "file": "chunk-RQ5ZKA6V.js"
    },
    "chunk-WDMUDEB6": {
      "file": "chunk-WDMUDEB6.js"
    }
  }
}